{"cameraMode":{"drawMode":0,"name":"Shaded","section":"Shading Mode"},"sceneLighting":true,"audioPlay":false,"sceneViewState":{"showFog":false,"showMaterialUpdate":false,"showSkybox":true,"showFlares":false,"showImageEffects":false,"showParticleSystems":false},"in2DMode":false,"pivot":{"x":-0.5836143493652344,"y":-3.74910306930542,"z":38.199039459228519},"rotation":{"x":-0.20919041335582734,"y":0.21847683191299439,"z":-0.04801803454756737,"w":-0.9519637823104858},"size":13.326457023620606,"orthographic":false}