{"cameraMode":{"drawMode":0,"name":"Shaded","section":"Shading Mode"},"sceneLighting":true,"audioPlay":false,"sceneViewState":{"showFog":false,"showMaterialUpdate":false,"showSkybox":true,"showFlares":false,"showImageEffects":false,"showParticleSystems":false},"in2DMode":false,"pivot":{"x":1.9345932006835938,"y":2.1884965896606447,"z":31.252498626708986},"rotation":{"x":-0.18010982871055604,"y":0.3476044833660126,"z":-0.06822548061609268,"w":-0.9176483750343323},"size":7.119143009185791,"orthographic":false}